{
    "NORMAL": {
        "precision": 0.9700598802395209,
        "recall": 0.6923076923076923,
        "f1-score": 0.8079800498753117,
        "support": 234.0
    },
    "PNEUMONIA": {
        "precision": 0.8424507658643327,
        "recall": 0.9871794871794872,
        "f1-score": 0.9090909090909091,
        "support": 390.0
    },
    "accuracy": 0.8766025641025641,
    "macro avg": {
        "precision": 0.9062553230519268,
        "recall": 0.8397435897435898,
        "f1-score": 0.8585354794831104,
        "support": 624.0
    },
    "weighted avg": {
        "precision": 0.8903041837550284,
        "recall": 0.8766025641025641,
        "f1-score": 0.8711743368850602,
        "support": 624.0
    }
}