{"loss": [0.40920299648141567, 0.2499801785073763, 0.22359677535578884, 0.19516603438400784, 0.1739344871688657, 0.149897294016155, 0.1255488013791526, 0.13025588077704417, 0.11905712462058919, 0.11460801459094681, 0.11323133823776081, 0.10578695453840531], "accuracy": [0.8458588957055214, 0.8966641104294478, 0.910851226993865, 0.928680981595092, 0.9338573619631901, 0.9468941717791411, 0.9537960122699386, 0.9536042944785276, 0.9539877300613497, 0.9591641104294478, 0.9564800613496932, 0.959739263803681], "val_loss": [2.8920719623565674, 0.7115257382392883, 2.13242506980896, 1.0542227029800415, 2.0067882537841797, 1.4460190534591675, 0.824535071849823, 0.6389725208282471, 1.1676255464553833, 1.2385843992233276, 1.2851024866104126, 0.9911627173423767], "val_accuracy": [0.5625, 0.625, 0.5625, 0.625, 0.5625, 0.5625, 0.5625, 0.6875, 0.625, 0.5625, 0.5625, 0.5625]}